Field,Description,Evaluation,Rating
Biomechanical Logic,Merges biomechanics and computational logic to create systems that physically embody decision-making processes.,"Innovative fusion, high potential, early empirical development.",7.5/10
Computational Atomics,Simulates atomic and subatomic interactions to model quantum behaviors and material properties.,"Strong empirical grounding, broad interdisciplinary integration.",9.0/10
Computational Chronophysics,"Simulates physics of time, including decay, oscillations, and relativistic effects.","Ambitious, speculative, limited empirical grounding.",6.5/10
Computational Chronoreactors,Develops systems that manipulate or respond to time-domain variables.,"Highly theoretical, needs concrete applications.",6.0/10
Computational Cyberdynamics,Models adaptive feedback in digital-physical systems using cybernetics and system dynamics.,"High applicability, strong predictive power.",8.5/10
Computational Electrofusion,Studies electric field-driven fusion of cells or particles for biotech and materials science.,"Technically robust, empirically supported.",8.0/10
Computational Hyperchemistry,Investigates molecular behavior under extreme conditions.,"Highly promising, needs empirical substantiation.",7.5/10
Computational Metarobotics,Explores self-modifying robotic systems through recursive design.,"Groundbreaking in theory, implementation challenges.",8.0/10
Computational Microcontrollers,Models microscopic embedded systems for nano and biomedical applications.,"Strong technological basis, high utility.",8.5/10
Computational Quantum Topology,Blends quantum mechanics with topology for fault-tolerant quantum computing.,"Deep theoretical foundation, rich integration.",9.0/10
Computational Sociodynamics,Simulates social systems to understand human behavior at scale.,Excellent scope and predictive value.,9.0/10
Cyberdiagnostic Physics,Real-time detection in systems using diagnostics and cyber-physical systems.,"High impact, moderate theoretical depth.",8.0/10
Electrohydrodynamic Reactor (EHDR),Simulates charged fluid behavior in electric fields for energy systems.,"Technologically feasible, applied physics grounded.",8.0/10
Electrophysics Reactor,Simulates electromagnetic fields to analyze subatomic reactions.,"High-risk, speculative, potentially groundbreaking.",7.0/10
Quantum Neurogenetics,Explores quantum effects on gene expression and neural activity.,"Highly speculative, limited empirical support.",6.0/10
Systematic Aerologics,Unifies atmospheric sciences to model and manage atmospheric dynamics.,"Practically powerful, excellent scope.",9.0/10
Thermoelectronics,Uses heat differentials to power/control electronic systems.,"Well-grounded, technologically impactful.",8.5/10
Xenodynamics,Studies interactions between diverse systems or entities.,"Theoretically rich, needs empirical clarity.",8.0/10
Xenoecology,Studies ecosystems involving extraterrestrial life and environments.,"High speculative, growing empirical foundation.",7.0/10
Xenomedicine,Draws from evolution for medical innovation and resilience.,"High translational potential, well-supported.",8.5/10
Supercomputer Networking,Focuses on high-performance networks interconnecting supercomputing systems for massively parallel computing and scientific research.,"Exceptional across dimensions; strong explanatory power, empirical support, and broad applicability in science and technology.",8.5/10
Quantum Algorithm Engine,Executes quantum algorithms using superposition and entanglement with interference on real quantum hardware.,"Transformative paradigm, deep theoretical and applied potential, rapidly evolving.",9.5/10 
Theoretical Topodynamic Taxonomy,Constructs a unifying framework for classifying complex dynamical systems based on their evolving topological and structural properties,"Profound theoretical innovation with high cross-domain potential and exceptionally promising for systemic understanding of complex behaviors.",9.0/10
Theoretical Neurocomputation,Provides formal and mechanistic models explaining cognitive and neural processes integrating neuroscience with computational theory and AI,"Highly integrative and interdisciplinary and strong in explanatory power with empirical support and cross-domain coherence.",9.0/10
